Coin Name,Symbol,Launch Date,Token Address,Current Price (USD),Market Cap (USD),Trading Volume (24h),Circulating Supply,Total Supply,Price Change (24h),All-Time High (Price),All-Time Low (Price),Number of Holders,Transactions Count,Token Liquidity (USD),Returns (%),Active,Market Cap per Holder,Liquidity Ratio,Price Range Ratio,Coin Age (days)
LOLTOKEN,$GIGGLE,2022-06-25,addr971,0.0066,172527.0,41989.0,72595884.0,282099687.0,-4.32,0.0149,0.0062,14936,8315,48049.0,,True,11.551084627745045,0.27850133602276744,1.4032258064516128,1232
SHIBASOL,$SHIBALIGHT,2022-08-15,addr733,0.0071,275259.0,42806.0,110552253.0,140409520.0,-4.51,0.0149,0.007,14167,16909,37952.0,7.575757575757591,True,19.42958989200254,0.13787741726882682,1.1285714285714286,1181
CHADCOIN,$SOLDOG,2022-12-15,addr173,0.0094,205114.0,11295.0,151970350.0,286806422.0,12.06,0.0157,0.0093,3628,22043,55157.0,154.05405405405403,True,56.53638368246968,0.26890899694803866,0.6881720430107526,1059
DOGESUN,$GIGGLE,2022-09-10,addr408,0.0089,119788.0,49903.0,59267066.0,276118040.0,7.23,0.0129,0.0008,12509,41113,56266.0,-5.319148936170215,True,9.576145175473659,0.46971315991585133,15.124999999999998,1155
MOONWAG,$PEPE,2022-12-15,addr385,0.0071,413479.0,5825.0,93009510.0,146407746.0,-6.5,0.0179,0.0025,9256,29807,73759.0,-20.22471910112359,True,44.67145635263613,0.17838632675420033,6.159999999999999,1059
MEOWINU,$PEPE,2023-01-18,addr932,0.0085,113158.0,48291.0,73038291.0,204851593.0,14.52,0.0189,0.0047,7597,38573,65563.0,19.718309859154925,True,14.895090167171253,0.579393414517754,3.021276595744681,1025
PEPESOL,$DOGESUN,2023-09-05,addr146,0.004,407242.0,37553.0,172966372.0,259732038.0,15.93,0.013,0.0035,9552,27650,14883.0,-57.89473684210527,True,42.63421273031826,0.03654583761006969,2.714285714285714,795
MOONWAG,$MOONPUG,2023-02-12,addr79,0.0057,208665.0,10782.0,61865970.0,64594563.0,-7.8,0.0161,0.0023,14566,17515,26184.0,42.50000000000001,True,14.32548400384457,0.12548343037883689,6.0,1000
SHIBALIGHT,$SOLDOG,2022-11-20,addr283,0.0087,385443.0,14803.0,163015721.0,181254186.0,2.75,0.0173,0.0015,4067,25987,91948.0,52.63157894736841,True,94.77329727071552,0.23855148491476041,10.533333333333331,1084
PUGINU,$LOL,2022-04-22,addr704,0.002,427013.0,8839.0,100783046.0,123270437.0,8.0,0.017,0.0012,5159,35746,38118.0,-77.01149425287356,True,82.77049815855786,0.08926660312449504,13.16666666666667,1296
PUGINU,$CHEEMS,2023-01-05,addr578,0.0092,430895.0,44720.0,171197444.0,191291780.0,8.59,0.0098,0.0075,7540,29736,37991.0,359.99999999999994,True,57.14787798408488,0.08816765105188039,0.3066666666666667,1038
PUGINU,$GIGGLE,2022-08-15,addr52,0.0081,482734.0,35383.0,183106485.0,188203203.0,-4.83,0.0177,0.0013,14551,46395,14674.0,39.6551724137931,True,33.17531441138066,0.030397693139492973,12.615384615384617,1181
GIGGLETOKEN,$GIGGLE,2022-09-10,addr289,0.0083,70348.0,49853.0,122318755.0,160301101.0,19.82,0.015,0.0064,6504,44131,74073.0,159.375,True,10.81611316113161,1.0529510433843179,1.34375,1155
SHIBALIGHT,$SHIBA,2023-08-20,addr142,0.0052,240204.0,5339.0,122261744.0,293763178.0,-0.42,0.0157,0.0022,11419,22467,55695.0,-37.34939759036144,True,21.035467203783167,0.2318654143977619,6.136363636363635,811
CHADCOIN,$PEPE,2022-06-25,addr225,0.0051,371182.0,12414.0,69427880.0,230234379.0,6.57,0.0113,0.0004,6797,18032,56718.0,-38.55421686746987,True,54.6096807415036,0.15280374587129764,27.25,1232
FLOKISOL,$SHIBALIGHT,2022-06-25,addr703,0.0088,108017.0,12322.0,107817870.0,213880554.0,-6.41,0.015,0.0049,8425,16637,84638.0,72.54901960784315,True,12.821008902077152,0.7835618467463454,2.061224489795918,1232
SHIBASOL,$LOL,2021-04-05,addr831,0.0008,93458.0,6466.0,153555636.0,209467884.0,0.7,0.0169,0.0005,9593,49551,77493.0,-90.9090909090909,True,9.742312102574795,0.8291746024952386,32.8,1678
FLOKISOL,$FLOKI,2023-04-10,addr53,0.0054,417939.0,39404.0,90094657.0,248420018.0,15.44,0.0083,0.0035,5756,29828,85115.0,575.0,True,72.60927727588603,0.20365412177375167,1.3714285714285714,943
MOONWAG,$PEPE,2023-01-18,addr629,0.0061,339571.0,14185.0,65829282.0,237063002.0,7.95,0.0064,0.0003,9259,24242,10619.0,12.962962962962955,True,36.67469489145696,0.0312718106080908,20.333333333333336,1025
MOONWAG,$INUSPARK,2023-04-10,addr575,0.0077,489770.0,7127.0,198208266.0,243948738.0,4.46,0.0156,0.0028,4377,43204,92294.0,26.22950819672132,True,111.89627598811971,0.18844355513812605,4.571428571428571,943
FLOKISOL,$CHAD,2022-12-25,addr895,0.0085,382269.0,24105.0,69217614.0,238453433.0,15.93,0.0109,0.0076,14728,40397,79390.0,10.389610389610393,True,25.955255296034764,0.2076809785779124,0.4342105263157895,1049
MOONWAG,$GIGGLE,2023-08-20,addr89,0.0061,283362.0,15129.0,94124907.0,256354923.0,12.92,0.0182,0.0003,4217,19995,90796.0,56.41025641025643,True,67.19516243775196,0.3204240512136419,59.66666666666667,811
DOGESUN,$SWOLEDOGE,2023-07-10,addr737,0.0095,343371.0,33422.0,81477376.0,244955387.0,-9.43,0.0153,0.0041,12044,9500,98521.0,55.73770491803278,True,28.50971438060445,0.2869228909838047,2.73170731707317,852
MEMEFLARE,$PUGINU,2022-04-22,addr138,0.0012,499537.0,27822.0,89633914.0,117340434.0,-5.6,0.0123,0.0009,4437,20364,60007.0,-87.36842105263159,True,112.58440387649313,0.12012523596850684,12.666666666666668,1296
LOLTOKEN,$DOGESUN,2023-01-18,addr824,0.0079,181865.0,25268.0,111189691.0,173477555.0,7.6,0.008,0.0078,9336,29147,35918.0,558.3333333333335,True,19.47997000856898,0.19749814422786133,0.02564102564102571,1025
SOLDOG,$SHIBALIGHT,2022-06-25,addr688,0.008,352044.0,43648.0,95446724.0,206312262.0,-9.35,0.0187,0.0049,8363,9035,59337.0,-13.043478260869556,True,42.09542030371876,0.16854995398302486,2.8163265306122454,1232
JOKESOL,$CHAD,2021-04-05,addr698,0.0082,433957.0,12854.0,136895031.0,202990420.0,-9.36,0.0097,0.0022,11447,13543,93350.0,2.5000000000000133,True,37.91010745173408,0.21511347898524508,3.4090909090909087,1678
CHADCOIN,$FLOKI,2022-12-15,addr355,0.0095,351700.0,12195.0,81508905.0,262824599.0,3.12,0.0195,0.0089,5114,25653,67643.0,0.0,True,68.7719984356668,0.19233153255615582,1.1910112359550562,1059
SHIBALIGHT,$JOKESOL,2021-04-05,addr143,0.0096,441896.0,47120.0,88449894.0,183983051.0,8.28,0.013,0.0009,11434,11121,46038.0,405.2631578947368,True,38.64754241735176,0.10418288466064414,13.444444444444445,1678
GIGGLETOKEN,$GIGGLE,2023-01-05,addr739,0.0099,347782.0,35776.0,65899361.0,130171857.0,6.52,0.0157,0.0083,10381,29083,52962.0,3.125000000000022,True,33.501782101916966,0.15228505213035753,0.8915662650602408,1038
PEPEMOON,$DOGESUN,2022-12-25,addr619,0.0049,333095.0,36525.0,110191627.0,256450653.0,5.46,0.0064,0.0027,8675,23935,56998.0,-42.352941176470594,True,38.397118155619594,0.1711163481889551,1.3703703703703705,1049
DOGESUN,$CHAD,2023-01-18,addr180,0.0079,172028.0,44015.0,192283450.0,282850344.0,0.34,0.0098,0.0058,6367,39530,28999.0,61.22448979591839,True,27.01869012093608,0.16857139535424465,0.6896551724137931,1025
CHADCOIN,$SOLDOG,2022-12-15,addr32,0.0074,248675.0,32836.0,170653093.0,290603317.0,10.69,0.0188,0.0007,4139,18796,26313.0,-6.329113924050633,True,60.08093742449867,0.1058128078817734,25.85714285714286,1059
PUGINU,$SHIBA,2022-09-10,addr264,0.0083,134754.0,16481.0,146805753.0,214799681.0,-2.29,0.0128,0.0048,4967,45714,44923.0,12.162162162162149,True,27.129857056573385,0.3333704379832881,1.6666666666666667,1155
PEPESOL,$SHIBA,2023-03-30,addr726,0.0024,422703.0,9523.0,62391127.0,243159858.0,16.22,0.0103,0.0014,8811,13961,47985.0,-71.08433734939759,True,47.97446373850868,0.11351942143774707,6.357142857142857,954
PEPEMOON,$MOONWAG,2022-12-15,addr333,0.004,462545.0,8669.0,52246222.0,269757908.0,2.37,0.0094,0.0037,11675,15698,71129.0,66.66666666666667,True,39.618415417558886,0.153777470300187,1.5405405405405406,1059
SOLDOG,$SOLDOG,2023-02-12,addr924,0.0094,367134.0,17574.0,108799790.0,195847621.0,0.26,0.013,0.0071,7485,9770,19924.0,5.617977528089901,True,49.04929859719439,0.054269013493710744,0.8309859154929575,1000
MEMEFLARE,$PEPE,2023-07-10,addr384,0.0017,113463.0,24610.0,100204825.0,272684047.0,1.23,0.0081,0.0008,10185,14613,79188.0,-81.91489361702128,True,11.14020618556701,0.6979191454482959,9.124999999999998,852
FLOKISOL,$SOLDOG,2023-02-12,addr19,0.0095,135077.0,7946.0,162547506.0,205851840.0,-1.15,0.0186,0.0012,3801,29125,92961.0,72.72727272727273,True,35.537227045514335,0.6882074668522399,14.5,1000
MEMEFLARE,$PUGINU,2023-07-10,addr13,0.007,491836.0,10518.0,105495671.0,197217625.0,16.7,0.0084,0.0055,12796,8201,38554.0,-26.315789473684205,True,38.436698968427635,0.0783879179238608,0.5272727272727272,852
PEPEMOON,$WOOFSOL,2022-12-15,addr897,0.0076,362602.0,11162.0,75680211.0,191471618.0,19.25,0.0192,0.0015,12339,42448,42571.0,8.571428571428562,True,29.38666018315909,0.11740420626471999,11.799999999999997,1059
MEOWINU,$INUSPARK,2022-12-15,addr910,0.0087,440885.0,27664.0,65847796.0,210185549.0,9.07,0.0174,0.0056,7365,28132,19764.0,14.473684210526304,True,59.8621860149355,0.04482801637615251,2.1071428571428568,1059
CHADCOIN,$SHIBALIGHT,2022-09-10,addr872,0.004,291496.0,28145.0,187450332.0,263078060.0,8.86,0.0161,0.0011,14981,36030,33531.0,-54.022988505747115,True,19.457713103264133,0.11503073798611302,13.636363636363635,1155
SOLCHEEMS,$GIGGLE,2023-02-12,addr773,0.0091,74371.0,12599.0,73653721.0,283010559.0,17.72,0.0146,0.0072,10862,40653,38534.0,12.34567901234569,True,6.846897440618671,0.5181320676069974,1.027777777777778,1000
FLOKISOL,$PUGINU,2022-11-20,addr46,0.0065,484579.0,14485.0,140134225.0,298038753.0,-7.35,0.0146,0.0035,7451,29407,56757.0,-20.731707317073177,True,65.03543148570661,0.11712641282432792,3.1714285714285717,1084
MEOWINU,$LOL,2023-08-01,addr136,0.0049,440976.0,20112.0,90597958.0,202392728.0,5.32,0.0154,0.0001,5334,22451,72352.0,-24.615384615384617,True,82.67266591676041,0.16407242117484852,153.0,830
PUGINU,$PEPE,2021-04-05,addr745,0.0094,462814.0,15277.0,93175972.0,171891305.0,16.29,0.0166,0.0022,4342,46404,20729.0,91.83673469387756,True,106.59005066789499,0.04478905132515438,6.545454545454545,1678
JOKESOL,$JOKESOL,2023-06-15,addr262,0.0082,442585.0,42818.0,130875339.0,215355984.0,3.16,0.0115,0.001,13987,27487,18593.0,-12.765957446808507,True,31.642596696932866,0.04201000937672989,10.499999999999998,877
MOONPUG,$CHEEMS,2022-12-25,addr802,0.0082,459667.0,34674.0,189167187.0,204367705.0,14.55,0.0159,0.0071,14916,14605,21625.0,0.0,True,30.817042102440332,0.04704492600077882,1.2394366197183098,1049
SOLCHEEMS,$MEMEFLARE,2021-04-05,addr759,0.0057,287886.0,27703.0,75565380.0,280222896.0,-3.91,0.0175,0.004,10297,46932,12246.0,-30.487804878048784,True,27.958240264154608,0.04253767116150143,3.3750000000000004,1678
FLOKISOL,$SHIBALIGHT,2023-03-30,addr242,0.0083,233202.0,47613.0,57972369.0,279037169.0,17.36,0.0084,0.0037,10141,33457,71727.0,45.61403508771929,True,22.995957006212404,0.30757454910335247,1.27027027027027,954
MEOWINU,$SOLDOG,2022-06-25,addr842,0.0098,185306.0,9758.0,182814988.0,199043225.0,14.6,0.0118,0.0097,14328,9268,80943.0,18.07228915662651,True,12.933137911781127,0.43680722696512797,0.21649484536082467,1232
MEMEFLARE,$SOLDOG,2023-01-18,addr389,0.0066,119981.0,29146.0,101139182.0,233740487.0,10.96,0.0118,0.0037,12721,35176,26806.0,-26.66666666666666,True,9.431727065482274,0.223418707962094,2.189189189189189,1025
SWOLEDOGE,$GIGGLE,2022-06-25,addr462,0.0087,141887.0,34122.0,145835789.0,248559160.0,18.31,0.0181,0.0074,11375,5683,40091.0,52.63157894736841,True,12.473582417582417,0.282555836686941,1.445945945945946,1232
CHADCOIN,$CHEEMS,2022-08-15,addr535,0.0079,193070.0,36991.0,86663427.0,150926697.0,6.33,0.0089,0.0077,6906,21383,52314.0,-9.195402298850563,True,27.956849116710107,0.2709587196353654,0.15584415584415579,1181
DOGESUN,$SHIBALIGHT,2023-01-05,addr572,0.0098,279138.0,30075.0,85406200.0,175348718.0,-3.03,0.0144,0.0024,3579,32742,25950.0,24.0506329113924,True,77.99329421626153,0.0929647701137072,5.000000000000001,1038
SOLDOG,$SHIBALIGHT,2022-08-15,addr753,0.0048,413342.0,15507.0,125939114.0,299939592.0,18.97,0.016,0.0047,5100,33965,16749.0,-42.85714285714286,True,81.04745098039216,0.0405209245612592,2.404255319148936,1181
SOLDOG,$LOL,2023-08-20,addr176,0.0038,231181.0,47419.0,148756907.0,271503059.0,7.9,0.0199,0.0024,9983,9533,86026.0,-20.833333333333325,True,23.15746769508164,0.3721153555006683,7.291666666666668,811
SOLCHEEMS,$FLOKI,2022-12-25,addr346,0.006,87440.0,48255.0,52823896.0,165793581.0,-3.37,0.0123,0.0018,5224,18190,99084.0,57.89473684210527,True,16.73813169984686,1.1331655992680696,5.833333333333334,1049
GIGGLETOKEN,$SWOLEDOGE,2023-01-18,addr708,0.0089,58894.0,9245.0,84492502.0,134404693.0,-6.69,0.0148,0.0039,8747,37776,51628.0,48.33333333333334,True,6.733051331885218,0.876625802288858,2.794871794871795,1025
SOLCHEEMS,$WOOFSOL,2022-04-22,addr538,0.007,423240.0,29149.0,147771525.0,223726699.0,9.8,0.0111,0.0044,12792,9807,53005.0,-21.34831460674157,True,33.08630393996248,0.12523627256402986,1.5227272727272727,1296
MEMEFLARE,$CHAD,2022-09-10,addr562,0.0081,282948.0,21571.0,140348182.0,193566436.0,13.69,0.0192,0.0034,3670,25935,68508.0,15.714285714285703,True,77.09754768392371,0.2421222274057424,4.647058823529411,1155
SHIBASOL,$MOONPUG,2023-08-20,addr664,0.0069,452450.0,22271.0,150011742.0,220126841.0,1.88,0.0168,0.0001,5301,22079,57514.0,-14.814814814814813,True,85.35182041124317,0.12711680848712564,167.0,811
FLOKISOL,$LOL,2023-04-10,addr790,0.007,272841.0,20698.0,91494629.0,280286203.0,3.69,0.0156,0.0026,5865,25357,42921.0,-5.405405405405405,True,46.52020460358056,0.15731140114572223,5.0,943
FLOKISOL,$PUGINU,2023-02-12,addr822,0.0089,281105.0,43295.0,54082038.0,101011523.0,15.71,0.0182,0.0061,14586,19487,73992.0,27.142857142857135,True,19.272247360482655,0.26321837035983,1.983606557377049,1000
LOLTOKEN,$FLOKI,2021-04-05,addr50,0.0068,456804.0,48094.0,65968665.0,246281227.0,-2.72,0.0177,0.0026,11567,9645,86820.0,-23.59550561797753,True,39.49200311230224,0.1900596317019991,5.807692307692308,1678
FLOKISOL,$MOONWAG,2023-03-14,addr615,0.0093,405174.0,46882.0,73600017.0,161682282.0,-9.61,0.0098,0.0001,3334,28183,97052.0,30.985915492957727,True,121.52789442111578,0.23953165800372186,97.0,970
SHIBASOL,$PUGINU,2022-12-25,addr302,0.0075,293131.0,29222.0,188869965.0,266820120.0,11.32,0.0146,0.0065,6986,12213,87016.0,-19.354838709677413,True,41.95977669624964,0.2968502137269685,1.2461538461538462,1049
DOGESUN,$SHIBALIGHT,2023-08-01,addr564,0.0091,50367.0,6258.0,117517364.0,269049402.0,-4.42,0.0153,0.0067,12704,6635,80522.0,21.333333333333336,True,3.9646568010075565,1.598705501618123,1.2835820895522387,830
LOLTOKEN,$INUSPARK,2022-06-25,addr281,0.0067,122267.0,29508.0,87147442.0,128875789.0,-0.6,0.0144,0.0029,14141,44484,47814.0,-26.37362637362638,True,8.646276783820097,0.3910621835818332,3.9655172413793105,1232
MEMEFLARE,$FLOKI,2021-04-05,addr852,0.0091,452440.0,24543.0,124108000.0,132353721.0,-4.66,0.0159,0.0067,8114,24654,19166.0,35.82089552238805,True,55.760414099087996,0.04236141808858633,1.373134328358209,1678
SHIBASOL,$JOKESOL,2022-12-25,addr677,0.01,372399.0,21575.0,61654894.0,287921676.0,2.54,0.018,0.0002,11360,10422,29469.0,9.890109890109876,True,32.781602112676055,0.0791328655554929,89.0,1049
GIGGLETOKEN,$LOL,2022-04-22,addr700,0.0082,389769.0,38539.0,179400985.0,241538330.0,16.84,0.0105,0.0003,7193,8714,14692.0,-17.999999999999993,True,54.187265396913666,0.03769412138984886,34.00000000000001,1296
PEPEMOON,$MOONPUG,2022-04-22,addr51,0.003,177931.0,6973.0,165661726.0,202363153.0,12.64,0.0126,0.0026,8818,14744,76037.0,-57.74647887323944,True,20.178158312542525,0.4273398114999635,3.8461538461538463,1296
PUGINU,$MEOW,2021-04-05,addr139,0.0082,183605.0,6924.0,97693774.0,293229653.0,11.7,0.015,0.0052,5670,7994,66201.0,173.33333333333334,True,32.38183421516755,0.360562076196182,1.8846153846153846,1678
CHADCOIN,$MEMEFLARE,2022-09-10,addr438,0.0079,64224.0,22111.0,129059408.0,239237735.0,17.83,0.0084,0.0019,9850,27500,74177.0,-3.658536585365857,True,6.520203045685279,1.1549732187344295,3.4210526315789473,1155
PUGINU,$SHIBALIGHT,2023-06-15,addr366,0.0013,273148.0,37018.0,119821893.0,297330785.0,0.65,0.0192,0.0004,9312,5523,33789.0,-83.54430379746836,True,29.33290378006873,0.12370216878761697,46.99999999999999,877
SHIBASOL,$PEPE,2023-08-20,addr675,0.0073,297085.0,26333.0,85309979.0,168512685.0,11.69,0.0195,0.0052,9337,47787,33800.0,19.672131147540984,True,31.818035771661133,0.11377215275089621,2.75,811
JOKESOL,$MOONWAG,2022-12-15,addr519,0.0078,322012.0,31368.0,93909018.0,278351951.0,7.2,0.0116,0.0047,13173,23529,86728.0,-11.363636363636376,True,24.44484931298869,0.2693315777051787,1.4680851063829785,1059
PEPESOL,$INUSPARK,2023-05-20,addr239,0.0049,451491.0,16130.0,140259137.0,151695502.0,9.73,0.0181,0.0049,5191,30632,44752.0,-37.17948717948718,True,86.97572722018879,0.09912046973250851,2.6938775510204085,903
FLOKISOL,$JOKESOL,2021-04-05,addr903,0.0054,472391.0,12867.0,133849844.0,171810011.0,6.18,0.0148,0.004,8794,29878,93409.0,-39.32584269662921,True,53.71742096884239,0.19773662072308745,2.7,1678
SWOLEDOGE,$SWOLEDOGE,2023-02-12,addr254,0.0081,497855.0,46160.0,52476425.0,134691375.0,9.6,0.0085,0.0031,13193,44813,39394.0,49.99999999999998,True,37.73629955279315,0.0791274567896275,1.741935483870968,1000
PEPEMOON,$FLOKI,2023-03-30,addr567,0.0039,313161.0,21937.0,135099996.0,209558347.0,2.47,0.0041,0.0019,14911,43500,66724.0,-51.85185185185185,True,21.00201193749581,0.21306612253760845,1.1578947368421055,954
CHADCOIN,$WOOFSOL,2023-07-10,addr945,0.0045,290209.0,27815.0,113783676.0,118395250.0,12.9,0.0053,0.0025,13240,27079,91363.0,15.384615384615374,True,21.919108761329305,0.31481794155246734,1.1199999999999999,852
INUSPARK,$MEMEFLARE,2023-04-10,addr69,0.0047,226037.0,10942.0,108457328.0,146245604.0,-2.43,0.0157,0.0009,7851,11090,48720.0,4.444444444444451,True,28.790854668195134,0.21553993372766406,16.444444444444443,943
PEPESOL,$PEPEMOON,2023-02-12,addr340,0.0093,318166.0,33220.0,71420313.0,74775999.0,14.16,0.0195,0.0041,3143,21927,49160.0,97.8723404255319,True,101.23003499840917,0.1545105385239152,3.7560975609756095,1000
SOLDOG,$SOLDOG,2023-03-30,addr295,0.0029,318603.0,43736.0,66563573.0,135690578.0,10.04,0.0131,0.0014,11129,9222,28906.0,-45.28301886792453,True,28.628178632401834,0.09072733150660854,8.357142857142858,954
MEMEFLARE,$PEPE,2023-01-05,addr55,0.0046,325135.0,13878.0,64898761.0,229339038.0,4.31,0.0137,0.0016,7195,25470,48344.0,58.62068965517242,True,45.18902015288395,0.1486890061051563,7.562499999999999,1038
INUSPARK,$CHEEMS,2022-04-22,addr653,0.0016,102597.0,42993.0,102038521.0,250194878.0,-0.27,0.0158,0.0008,3704,34064,52829.0,-65.21739130434783,True,27.698974082073434,0.5149175901829488,18.75,1296
MOONPUG,$SHIBALIGHT,2023-04-10,addr350,0.0069,436512.0,42409.0,52961192.0,142749974.0,-0.98,0.0081,0.0029,14843,22714,60129.0,331.25,True,29.40861011924813,0.13774879041126017,1.793103448275862,943
LOLTOKEN,$MEMEFLARE,2021-04-05,addr406,0.0051,125267.0,12560.0,170539591.0,186728498.0,-3.62,0.0199,0.0046,5394,7668,71848.0,-45.744680851063826,True,23.223396366332963,0.5735588782360878,3.3260869565217392,1678
DOGESUN,$LOL,2022-12-25,addr512,0.0099,427528.0,19931.0,109639562.0,217874913.0,18.53,0.0124,0.001,7521,17599,20235.0,94.11764705882352,True,56.84456854141737,0.047330233341441964,11.4,1049
LOLTOKEN,$FLOKI,2022-09-10,addr218,0.0082,434420.0,26123.0,132634034.0,265989270.0,-3.78,0.0163,0.004,13975,16873,83996.0,-17.17171717171717,True,31.08550983899821,0.1933520556143824,3.0749999999999997,1155
SHIBASOL,$CHEEMS,2022-04-22,addr335,0.0064,193086.0,6480.0,126010877.0,216518440.0,-5.34,0.0162,0.002,8001,44896,11414.0,-21.95121951219512,True,24.132733408323958,0.059113555617704025,7.1,1296
WOOFSOL,$MEMEFLARE,2022-12-25,addr597,0.0051,403830.0,32957.0,77712383.0,89156953.0,12.84,0.0089,0.0041,4887,22529,60763.0,-31.081081081081074,True,82.63351749539595,0.15046678057598495,1.1707317073170729,1049
SHIBASOL,$CHAD,2022-09-10,addr761,0.0081,73415.0,28595.0,131137258.0,291677464.0,-2.44,0.0188,0.0027,5844,27417,31035.0,58.823529411764696,True,12.56245722108145,0.42273377375195803,5.962962962962963,1155
JOKESOL,$LOL,2023-01-05,addr506,0.003,272043.0,7781.0,88908846.0,288744311.0,8.77,0.0068,0.0025,12223,18020,83454.0,-31.818181818181824,True,22.256647304262454,0.3067676801093945,1.72,1038
SOLDOG,$MOONPUG,2023-04-10,addr813,0.0021,452242.0,27356.0,131162624.0,194087523.0,-1.73,0.019,0.0014,11555,14234,49021.0,-30.000000000000004,True,39.1382085677196,0.1083955050614494,12.571428571428573,943
PEPEMOON,$PEPEMOON,2022-11-20,addr275,0.0095,359103.0,27267.0,79082042.0,221271274.0,17.33,0.0119,0.0041,8795,39748,36281.0,106.52173913043477,True,40.83035815804434,0.1010322943556584,1.9024390243902438,1084
FLOKISOL,$MOONPUG,2023-08-01,addr689,0.0099,289776.0,35017.0,182569063.0,241791972.0,14.35,0.0151,0.0081,7920,34245,41416.0,4.210526315789487,True,36.587878787878786,0.14292418971895532,0.8641975308641977,830
MOONWAG,$PUGINU,2023-02-12,addr105,0.0089,113666.0,34871.0,113931395.0,143020826.0,11.31,0.0156,0.0058,11632,41607,24317.0,-10.101010101010111,True,9.771836313617607,0.21393380606337867,1.6896551724137931,1000
SWOLEDOGE,$JOKESOL,2023-06-15,addr332,0.0062,357437.0,23666.0,96938057.0,115284170.0,-9.6,0.0188,0.0011,8264,49093,17584.0,-30.33707865168539,True,43.25229912875121,0.049194683258868,16.09090909090909,877
PUGINU,$INUSPARK,2022-09-10,addr319,0.0097,316612.0,39690.0,101611805.0,129135942.0,17.28,0.0162,0.0007,5174,18022,87718.0,56.45161290322582,True,61.19288751449555,0.27705203845716525,22.142857142857142,1155
SWOLEDOGE,$PEPEMOON,2023-08-01,addr439,0.0087,198177.0,13539.0,185756324.0,254528935.0,16.54,0.0161,0.0056,9180,7255,48581.0,-10.309278350515472,True,21.587908496732027,0.2451394460507526,1.8749999999999998,830
SHIBALIGHT,$JOKESOL,2023-06-15,addr14,0.0061,189113.0,23399.0,95346855.0,267070838.0,5.92,0.0086,0.0017,9842,5364,82875.0,1425.0,True,19.214895346474293,0.43823005293131617,4.0588235294117645,877
MEOWINU,$SHIBA,2023-03-30,addr879,0.009,79644.0,7087.0,123626628.0,128526358.0,7.56,0.0196,0.0074,6478,34404,24186.0,47.54098360655736,True,12.294535350416796,0.30367635980111496,1.6486486486486485,954
SWOLEDOGE,$CHAD,2022-11-20,addr558,0.0096,178511.0,31781.0,197325836.0,231734210.0,-9.4,0.0145,0.0011,6995,34663,55041.0,6.666666666666665,True,25.519799857040745,0.3083339402053655,12.181818181818182,1084
INUSPARK,$MEOW,2023-01-05,addr574,0.0068,169115.0,37953.0,79457921.0,198425137.0,0.31,0.0153,0.0057,6090,14922,94164.0,-1.449275362318847,True,27.76929392446634,0.5568045412884723,1.6842105263157892,1038
SWOLEDOGE,$SHIBA,2023-09-05,addr819,0.0048,398411.0,15913.0,162638049.0,298012575.0,5.56,0.0149,0.0027,3959,27950,92410.0,-29.41176470588236,True,100.6342510735034,0.23194640710221354,4.518518518518518,795
SWOLEDOGE,$JOKESOL,2023-02-12,addr282,0.0084,68029.0,10239.0,70170301.0,120111529.0,17.69,0.0161,0.0084,7290,27311,44834.0,236.0,True,9.331824417009603,0.6590424671831131,0.9166666666666667,1000
PEPESOL,$LOL,2023-05-20,addr873,0.0074,258160.0,33668.0,64114146.0,74294228.0,14.21,0.0094,0.0042,5506,44908,76614.0,-13.953488372093014,True,46.88703232836905,0.2967694453052371,1.2380952380952384,903
INUSPARK,$PEPEMOON,2023-09-05,addr472,0.0083,275288.0,36507.0,97679179.0,166378275.0,7.13,0.0092,0.0005,7353,19352,83524.0,12.162162162162149,True,37.43886848905209,0.3034058876522042,17.4,795
MOONPUG,$PEPE,2023-06-15,addr779,0.0055,82065.0,11847.0,134818432.0,288640358.0,18.01,0.012,0.0023,11130,36151,78858.0,-33.73493975903615,True,7.373315363881401,0.9609212209833669,4.217391304347826,877
JOKESOL,$PEPEMOON,2022-09-10,addr43,0.0066,300557.0,7282.0,96121649.0,203517413.0,4.38,0.0095,0.0056,4039,48720,55184.0,19.999999999999996,True,74.41371626640257,0.18360577195007935,0.6964285714285714,1155
DOGESUN,$MEMEFLARE,2022-12-25,addr503,0.0043,459207.0,24444.0,175144272.0,289859385.0,14.04,0.014,0.0035,10237,27495,51635.0,-34.84848484848485,True,44.857575461561005,0.11244384340831041,3.0,1049
MEOWINU,$WOOFSOL,2023-08-01,addr695,0.0042,80731.0,26171.0,191239131.0,220471576.0,6.7,0.0127,0.0041,7175,15182,11465.0,-2.3255813953488413,True,11.251707317073171,0.1420148394049374,2.0975609756097557,830
FLOKISOL,$PEPEMOON,2022-06-25,addr244,0.0065,367282.0,46757.0,122888541.0,151129093.0,-3.36,0.0121,0.0041,5038,7450,28608.0,-33.673469387755105,True,72.90234219928543,0.07789110274938603,1.951219512195122,1232
GIGGLETOKEN,$WOOFSOL,2022-11-20,addr956,0.0009,314176.0,22780.0,141751428.0,289432704.0,18.33,0.0035,0.0005,4326,37680,41717.0,-86.15384615384616,True,72.62505779010634,0.1327822621715217,6.0,1084
PUGINU,$FLOKI,2023-01-18,addr204,0.0056,254914.0,35545.0,65863870.0,154722316.0,-5.08,0.0065,0.0051,7094,20237,98554.0,522.2222222222223,True,35.93374682830561,0.38661666287453805,0.2745098039215685,1025
SWOLEDOGE,$PUGINU,2022-12-15,addr937,0.004,318575.0,42845.0,85479123.0,129361653.0,8.23,0.0127,0.0004,5625,9864,71087.0,-28.57142857142857,True,56.635555555555555,0.22314054775170683,30.75,1059
MOONWAG,$MEOW,2022-12-15,addr309,0.004,374670.0,18774.0,119246971.0,279340037.0,10.31,0.011,0.0029,13688,27550,94364.0,0.0,True,27.372150789012274,0.25185896922625245,2.793103448275862,1059
PEPESOL,$SOLDOG,2023-05-20,addr715,0.003,406414.0,32250.0,62424383.0,256724430.0,1.68,0.0062,0.0029,9521,10236,83561.0,-25.0,True,42.68606238840458,0.20560561397983337,1.1379310344827587,903
PUGINU,$SHIBALIGHT,2022-12-25,addr315,0.0056,66280.0,46136.0,55694398.0,252588029.0,17.6,0.0146,0.0038,12037,25785,64482.0,-21.126760563380287,True,5.506355404170474,0.9728726614363307,2.8421052631578947,1049
SWOLEDOGE,$SWOLEDOGE,2022-11-20,addr284,0.0076,241405.0,28462.0,161882841.0,170147930.0,-8.43,0.0195,0.0013,9248,44940,90643.0,-6.172839506172833,True,26.103481833910035,0.3754810380895176,14.000000000000002,1084
MEMEFLARE,$CHEEMS,2023-01-18,addr114,0.0093,248340.0,48357.0,126071380.0,212405869.0,6.51,0.0116,0.0066,14763,26949,29788.0,22.36842105263157,True,16.821784190205243,0.11994845775952323,0.7575757575757575,1025
SHIBASOL,$PEPE,2023-07-10,addr364,0.0069,356510.0,22196.0,91683360.0,164329333.0,12.16,0.0138,0.0067,11229,47563,21812.0,-25.806451612903224,True,31.749042657404935,0.06118201452974671,1.0597014925373134,852
LOLTOKEN,$MOONPUG,2022-06-25,addr372,0.0044,53808.0,10192.0,175821554.0,274709989.0,-3.02,0.0086,0.0023,4074,19536,27133.0,-36.23188405797101,True,13.207658321060382,0.5042558727326791,2.739130434782609,1232
PUGINU,$SHIBA,2022-08-15,addr292,0.0036,412819.0,9108.0,135557581.0,212847618.0,-7.16,0.008,0.0023,12546,43306,60193.0,-18.181818181818187,True,32.904431691375734,0.14580966476833673,2.4782608695652177,1181
INUSPARK,$CHEEMS,2023-07-10,addr94,0.0026,371812.0,49972.0,64454308.0,106900178.0,18.52,0.017,0.0005,12535,40704,47487.0,-27.77777777777778,True,29.661906661348226,0.12771777134680967,33.0,852
PEPEMOON,$FLOKI,2022-08-15,addr858,0.005,414576.0,10290.0,122249613.0,267961957.0,-2.78,0.0133,0.0004,11118,33753,69369.0,92.3076923076923,True,37.28872099298435,0.16732517077689013,32.25,1181
MOONPUG,$MOONWAG,2023-06-15,addr793,0.0028,359797.0,43335.0,85265152.0,157311605.0,12.98,0.018,0.0002,14010,48858,84315.0,-44.00000000000001,True,25.681441827266237,0.23434047532358523,89.0,877
CHADCOIN,$LOL,2023-08-01,addr754,0.009,60494.0,5696.0,131444590.0,226746585.0,0.19,0.0178,0.0004,3144,10295,88404.0,143.2432432432432,True,19.241094147582697,1.4613680695606175,43.49999999999999,830
SOLCHEEMS,$WOOFSOL,2023-09-05,addr749,0.0049,80290.0,37525.0,120642366.0,209212311.0,-9.0,0.0198,0.0004,5619,39300,31797.0,-43.02325581395349,True,14.28901939846948,0.3960269024785154,48.5,795
SWOLEDOGE,$SWOLEDOGE,2023-09-05,addr2,0.0043,268527.0,33290.0,78586456.0,169846183.0,5.39,0.0084,0.0031,5305,29088,18211.0,-12.244897959183676,True,50.6177191328935,0.06781813374446517,1.7096774193548385,795
CHADCOIN,$LOL,2023-01-05,addr370,0.0062,161594.0,27898.0,182646299.0,275242927.0,12.37,0.0137,0.0031,6726,28206,63267.0,82.35294117647058,True,24.02527505203687,0.39151824943995445,3.4193548387096775,1038
PEPEMOON,$JOKESOL,2023-03-14,addr87,0.0037,361368.0,15942.0,160927369.0,293238512.0,-1.09,0.0149,0.0005,11872,9152,13037.0,-40.32258064516129,True,30.43867924528302,0.03607679706006066,28.799999999999997,970
PEPEMOON,$MEMEFLARE,2023-09-05,addr694,0.0093,272953.0,27772.0,87353869.0,203292973.0,-9.21,0.0116,0.0074,5593,15453,11057.0,29.16666666666665,True,48.80261040586447,0.04050880554527703,0.5675675675675674,795
INUSPARK,$PUGINU,2023-08-20,addr672,0.0099,411040.0,27560.0,103757924.0,226085130.0,6.24,0.02,0.0056,14700,13335,70776.0,6.451612903225823,True,27.961904761904762,0.17218762164266252,2.571428571428571,811
SOLCHEEMS,$LOL,2022-11-20,addr786,0.0032,204485.0,10532.0,167916077.0,212905578.0,18.06,0.0103,0.001,9398,21947,17605.0,-64.04494382022472,True,21.758352841030007,0.08609433454776634,9.299999999999999,1084
PEPEMOON,$MEMEFLARE,2022-06-25,addr583,0.0081,210883.0,11904.0,116600710.0,219453028.0,-9.11,0.0132,0.0003,9588,13054,65549.0,153.12499999999994,True,21.9944722569879,0.3108311243675403,43.00000000000001,1232
MOONWAG,$DOGESUN,2022-11-20,addr794,0.0053,459257.0,36969.0,80819167.0,174028287.0,-8.74,0.0174,0.0038,11200,37762,90635.0,60.606060606060595,True,41.005089285714284,0.1973513740672434,3.5789473684210527,1084
INUSPARK,$DOGESUN,2023-01-05,addr517,0.0077,268804.0,21763.0,174360187.0,220720266.0,-8.27,0.0083,0.0033,10803,38678,90293.0,45.28301886792454,True,24.882347496065908,0.3359064597253017,1.5151515151515151,1038
CHADCOIN,$SHIBALIGHT,2022-04-22,addr699,0.0077,355054.0,40229.0,65128367.0,161394581.0,-0.13,0.0175,0.0073,4085,19880,61482.0,0.0,True,86.91652386780906,0.17316239219949642,1.3972602739726028,1296
PEPESOL,$PEPE,2023-03-14,addr494,0.0099,435567.0,48511.0,95473362.0,212995631.0,4.01,0.0183,0.0039,13171,26954,85343.0,28.57142857142858,True,33.07015412649002,0.19593541292154823,3.6923076923076925,970
SHIBASOL,$PEPEMOON,2022-12-15,addr84,0.0045,461050.0,49821.0,96618549.0,103377003.0,14.68,0.0168,0.0002,14778,5075,48395.0,-54.545454545454554,True,31.19840303153336,0.10496692332718795,83.0,1059
INUSPARK,$MEOW,2023-05-20,addr168,0.0024,439221.0,23216.0,197596375.0,270655992.0,6.36,0.0185,0.002,9357,14649,22266.0,-46.666666666666664,True,46.94036550176339,0.050694297403812656,8.25,903
MOONWAG,$LOL,2023-01-18,addr907,0.0057,340664.0,41177.0,72249093.0,253524579.0,4.37,0.0143,0.0008,14972,31766,66763.0,137.50000000000006,True,22.753406358535933,0.19597902919005236,16.875,1025
GIGGLETOKEN,$PEPE,2022-11-20,addr65,0.0063,466380.0,24498.0,133416501.0,256064414.0,2.16,0.013,0.0007,4785,43132,63580.0,10.526315789473673,True,97.46708463949844,0.1363266006260989,17.571428571428573,1084
GIGGLETOKEN,$PUGINU,2023-09-05,addr112,0.0049,301375.0,13652.0,165970076.0,248322168.0,16.95,0.0084,0.0046,7160,11655,98815.0,-22.22222222222222,True,42.09148044692738,0.32788054749066775,0.826086956521739,795
PEPESOL,$SOLDOG,2023-05-20,addr57,0.0082,348859.0,49554.0,96759434.0,196063309.0,6.76,0.015,0.0047,10967,37066,47664.0,310.00000000000006,True,31.809884198048692,0.13662826528769503,2.1914893617021276,903
MOONWAG,$WOOFSOL,2021-04-05,addr313,0.0037,448374.0,11441.0,80863868.0,142430851.0,16.87,0.0099,0.0006,7988,30171,31125.0,117.64705882352943,True,56.130946419629446,0.06941749521604731,15.500000000000004,1678
FLOKISOL,$CHAD,2023-08-01,addr685,0.0054,182394.0,49629.0,115836235.0,181802485.0,-9.21,0.017,0.0032,13045,43733,45154.0,-44.329896907216494,True,13.981908777309314,0.24756296808009035,4.3125,830
GIGGLETOKEN,$PEPEMOON,2022-04-22,addr884,0.0088,284126.0,29136.0,104269002.0,164290855.0,-1.21,0.0092,0.0038,12051,11031,47721.0,62.962962962962955,True,23.57696456725583,0.1679571739298762,1.4210526315789473,1296
GIGGLETOKEN,$PUGINU,2023-06-15,addr547,0.0081,295832.0,30173.0,115962548.0,116885679.0,8.62,0.009,0.0011,13034,25397,24229.0,28.57142857142856,True,22.696946447752033,0.08190121420265556,7.181818181818181,877
MOONWAG,$SHIBALIGHT,2022-08-15,addr976,0.0097,437279.0,6774.0,178545392.0,191736728.0,13.7,0.0189,0.0034,11484,8963,94550.0,19.753086419753107,True,38.077237896203414,0.2162235094756437,4.5588235294117645,1181
CHADCOIN,$PEPEMOON,2022-06-25,addr541,0.0027,98214.0,9859.0,153138392.0,184916109.0,17.07,0.0136,0.0025,3220,10794,57650.0,-72.16494845360825,True,30.501242236024844,0.5869835257702568,4.4399999999999995,1232
MOONPUG,$PEPEMOON,2022-04-22,addr224,0.0033,372868.0,22227.0,143361691.0,209587235.0,15.36,0.0074,0.0008,8778,39354,62058.0,-56.57894736842105,True,42.47755753018911,0.16643423409893046,8.25,1296
GIGGLETOKEN,$FLOKI,2022-12-15,addr490,0.006,381627.0,5501.0,155350499.0,214786430.0,-1.77,0.0167,0.0059,11170,28888,63282.0,106.89655172413795,True,34.16535362578335,0.16582160067290835,1.8305084745762714,1059
SOLCHEEMS,$GIGGLE,2022-09-10,addr246,0.0095,178808.0,26187.0,91183252.0,180702127.0,-7.32,0.0111,0.0001,6118,16970,41079.0,58.33333333333333,True,29.226544622425628,0.22973804304057985,110.0,1155
FLOKISOL,$INUSPARK,2023-01-05,addr164,0.0059,384294.0,43617.0,185284334.0,236092186.0,-5.19,0.0183,0.0036,3954,16378,42176.0,-37.89473684210526,True,97.19119878603945,0.10974930652052856,4.083333333333334,1038
MEOWINU,$MOONWAG,2021-04-05,addr491,0.0095,463430.0,15386.0,151374104.0,174334358.0,-8.03,0.0156,0.001,6877,27104,24301.0,26.66666666666666,True,67.38839610295187,0.05243726129080983,14.599999999999998,1678
DOGESUN,$MOONPUG,2023-04-10,addr391,0.0047,264239.0,14849.0,198488897.0,281437509.0,15.31,0.014,0.002,4182,5482,16162.0,-49.46236559139784,True,63.18483978957437,0.06116432472118045,6.0,943
DOGESUN,$PEPE,2022-04-22,addr552,0.0044,240630.0,23615.0,72682143.0,289305869.0,9.7,0.0102,0.0039,3484,31615,44867.0,-6.382978723404253,True,69.06716417910448,0.18645638532186345,1.6153846153846156,1296
GIGGLETOKEN,$SWOLEDOGE,2023-01-18,addr453,0.0063,198406.0,26319.0,170204755.0,234256646.0,11.16,0.0171,0.004,4408,41861,29750.0,103.2258064516129,True,45.01043557168784,0.149945062145298,3.275,1025
LOLTOKEN,$MEMEFLARE,2021-04-05,addr48,0.0096,88473.0,10511.0,124688366.0,170890737.0,-3.96,0.0102,0.0045,10512,12601,20421.0,52.38095238095237,True,8.416381278538813,0.23081618120782613,1.266666666666667,1678
WOOFSOL,$FLOKI,2022-06-25,addr651,0.0016,53342.0,9540.0,183860160.0,252378586.0,5.81,0.0111,0.0016,10037,14748,15580.0,-83.33333333333333,True,5.314536216000797,0.29207753740017245,5.9375,1232
SHIBALIGHT,$SHIBA,2023-08-20,addr525,0.0025,282239.0,12404.0,155375570.0,168925571.0,14.6,0.0115,0.0007,5814,17809,85479.0,56.25,True,48.54471964224286,0.30286034176708393,15.428571428571429,811
CHADCOIN,$JOKESOL,2021-04-05,addr449,0.0052,63084.0,16167.0,173878586.0,261757017.0,1.58,0.009,0.0006,8152,41803,40125.0,108.0,True,7.73846908734053,0.6360566863229979,14.0,1678
JOKESOL,$SWOLEDOGE,2023-05-20,addr418,0.0097,285384.0,34680.0,159240954.0,252077685.0,14.92,0.0123,0.0029,6000,35736,59957.0,86.53846153846155,True,47.564,0.21009236677599305,3.241379310344828,903
SOLDOG,$MOONPUG,2023-07-10,addr833,0.007,106491.0,14422.0,83213186.0,255194725.0,11.94,0.0075,0.0052,13865,37609,87463.0,0.0,True,7.6805625676163,0.8213182334657388,0.44230769230769235,852
SHIBASOL,$MEOW,2022-04-22,addr641,0.0037,338332.0,5165.0,147168813.0,166564242.0,-9.25,0.0056,0.0011,11135,35655,75109.0,-22.91666666666665,True,30.384553210597215,0.22199791920362247,4.09090909090909,1296
SOLCHEEMS,$MOONPUG,2023-08-01,addr823,0.0019,478066.0,10613.0,85855117.0,86088049.0,-6.78,0.003,0.0003,3347,34336,96919.0,-48.64864864864865,True,142.8341798625635,0.20273142202122718,9.000000000000002,830
SOLCHEEMS,$PEPEMOON,2022-12-25,addr848,0.0076,347418.0,31396.0,56905827.0,190626579.0,5.53,0.0183,0.0052,6008,41482,45453.0,300.0,True,57.82589880159787,0.13083087232095056,2.5192307692307696,1049
MOONWAG,$SWOLEDOGE,2022-12-25,addr667,0.008,480493.0,48204.0,181503502.0,198098703.0,-0.66,0.0096,0.0075,9506,26294,95811.0,5.263157894736836,True,50.54628655585946,0.19940144809601804,0.2799999999999999,1049
SHIBALIGHT,$MEOW,2022-08-15,addr71,0.0063,383747.0,19886.0,65891238.0,93719150.0,9.64,0.0072,0.005,13723,34096,83847.0,-21.250000000000004,True,27.963783429279314,0.21849551918321186,0.43999999999999995,1181
SHIBASOL,$MOONWAG,2023-04-10,addr5,0.0087,419917.0,46592.0,116207223.0,181388899.0,14.34,0.0132,0.0022,7221,28917,23807.0,-10.309278350515472,True,58.15219498684393,0.05669453725379063,4.999999999999999,943
GIGGLETOKEN,$SOLDOG,2023-07-10,addr329,0.0097,241300.0,17147.0,91245321.0,206922968.0,18.4,0.0107,0.0088,13799,36132,24988.0,11.494252873563227,True,17.486774403942313,0.10355573974305843,0.21590909090909077,852
MOONWAG,$DOGESUN,2022-06-25,addr740,0.0068,231506.0,23499.0,122390536.0,140392335.0,-7.66,0.0185,0.004,5320,13723,76489.0,-29.89690721649485,True,43.516165413533834,0.3303974842984631,3.6249999999999996,1232
MOONWAG,$INUSPARK,2023-03-14,addr177,0.0074,406275.0,43499.0,74920162.0,149570038.0,5.49,0.0099,0.0015,11663,11031,63670.0,124.24242424242426,True,34.83451942038926,0.15671650975324594,5.6000000000000005,970
MEOWINU,$WOOFSOL,2023-04-10,addr133,0.0073,456043.0,26056.0,56934264.0,222673062.0,-8.08,0.0177,0.0066,5031,6790,21995.0,-6.41025641025641,True,90.64659113496323,0.04823010110888666,1.6818181818181819,943
PEPEMOON,$PEPEMOON,2022-12-15,addr551,0.007,86674.0,19472.0,54197516.0,183236844.0,-9.24,0.0154,0.0052,7900,19588,23047.0,-4.109589041095885,True,10.971392405063291,0.26590442347186005,1.9615384615384617,1059
SHIBALIGHT,$LOL,2023-08-01,addr64,0.0099,492387.0,27332.0,166881314.0,245263317.0,19.91,0.013,0.0051,5195,5363,30658.0,33.7837837837838,True,94.78094321462945,0.06226403215357026,1.5490196078431369,830
JOKESOL,$MEMEFLARE,2022-08-15,addr534,0.0088,422521.0,28448.0,189490582.0,209088488.0,12.62,0.0157,0.0062,6252,37852,54162.0,-4.347826086956519,True,67.58173384516955,0.12818771138002608,1.5322580645161288,1181
SHIBASOL,$SHIBA,2022-04-22,addr768,0.0067,137602.0,21518.0,68199638.0,150357469.0,11.42,0.0145,0.0042,4837,40144,65020.0,-23.863636363636363,True,28.447798222038454,0.4725222017121844,2.4523809523809526,1296
PEPEMOON,$MOONPUG,2022-09-10,addr115,0.0074,348125.0,47532.0,195887206.0,209117124.0,-1.71,0.0085,0.0001,5348,42583,97229.0,10.447761194029859,True,65.09442782348542,0.27929335727109517,84.00000000000001,1155
MEMEFLARE,$PEPEMOON,2023-09-05,addr22,0.0062,373577.0,19546.0,176099272.0,221001197.0,10.9,0.014,0.0049,9024,46035,88601.0,-16.216216216216228,True,41.398160460992905,0.23716931181523487,1.8571428571428572,795
SHIBASOL,$CHAD,2022-06-25,addr73,0.0076,117275.0,49549.0,117503892.0,256298234.0,3.34,0.0105,0.003,7141,8773,82239.0,22.580645161290324,True,16.422769920179245,0.7012492005968877,2.5,1232
PEPEMOON,$JOKESOL,2023-03-30,addr965,0.0093,181846.0,11343.0,63925774.0,251405541.0,19.67,0.0122,0.0068,14367,33766,41081.0,22.36842105263157,True,12.657200528990046,0.22591093562684908,0.7941176470588237,954
MOONPUG,$MOONWAG,2023-03-14,addr912,0.0052,170621.0,37746.0,115599210.0,271628754.0,18.89,0.0067,0.0002,7034,37144,81994.0,-44.08602150537634,True,24.25661074779642,0.4805621816775192,32.5,970
SOLCHEEMS,$GIGGLE,2023-04-10,addr59,0.0096,473179.0,12556.0,101260957.0,248672439.0,11.53,0.0184,0.0094,6304,19871,90048.0,84.6153846153846,True,75.06012055837563,0.19030430344541918,0.9574468085106382,943
INUSPARK,$SHIBA,2023-09-05,addr916,0.0088,57688.0,18073.0,93005000.0,93385722.0,12.17,0.015,0.0015,4604,22406,37070.0,-8.333333333333314,True,12.52997393570808,0.642594647066981,9.0,795
MEOWINU,$WOOFSOL,2023-01-05,addr834,0.0028,126589.0,14814.0,154564678.0,194616210.0,5.97,0.0181,0.0023,13780,33695,74656.0,-68.18181818181819,True,9.186429608127721,0.5897510842174281,6.8695652173913055,1038
SWOLEDOGE,$PUGINU,2023-03-14,addr501,0.005,284119.0,13410.0,106697903.0,200882189.0,14.47,0.019,0.0011,5569,21492,91588.0,78.57142857142858,True,51.01795654516071,0.32235788525230624,16.27272727272727,970
SHIBASOL,$MEOW,2023-09-05,addr709,0.0063,159621.0,37054.0,119455291.0,292655568.0,8.05,0.0131,0.0036,11519,14880,89244.0,26.0,True,13.857192464623665,0.5590993666246923,2.6388888888888893,795
MEMEFLARE,$SOLDOG,2023-04-10,addr492,0.0099,73136.0,48812.0,193542801.0,196027395.0,-6.71,0.0131,0.0054,4018,26333,49018.0,57.14285714285716,True,18.202090592334496,0.6702308028877707,1.4259259259259258,943
PUGINU,$PEPEMOON,2023-05-20,addr692,0.0093,458138.0,27780.0,144281588.0,201195340.0,4.76,0.0101,0.0042,14792,35065,39631.0,2.19780219780219,True,30.97201189832342,0.08650450301001009,1.4047619047619049,903
MEOWINU,$PEPEMOON,2023-04-10,addr899,0.0052,376875.0,12533.0,65476249.0,133191675.0,0.8,0.0181,0.0013,14385,46271,73794.0,-44.08602150537634,True,26.199165797705945,0.1958049751243781,12.923076923076925,943
LOLTOKEN,$INUSPARK,2023-08-20,addr645,0.0058,211264.0,31309.0,69543283.0,174182826.0,5.42,0.0124,0.0021,4689,46687,13840.0,11.538461538461542,True,45.0552356579228,0.0655104513783702,4.904761904761905,811
SHIBASOL,$PUGINU,2023-09-05,addr811,0.0042,408217.0,7418.0,129174512.0,220219474.0,-0.77,0.0051,0.0029,11594,49309,11646.0,-27.586206896551722,True,35.209332413317235,0.028528944164500743,0.7586206896551727,795
FLOKISOL,$PEPE,2023-08-20,addr31,0.007,69356.0,49691.0,144246715.0,224008124.0,6.44,0.0098,0.0011,14438,32191,81754.0,66.66666666666667,True,4.803712425543704,1.1787588672933849,7.909090909090908,811
SOLDOG,$SHIBALIGHT,2023-03-30,addr630,0.0089,212507.0,45394.0,93649078.0,232458520.0,-2.51,0.0102,0.0028,9362,42662,57196.0,27.142857142857135,True,22.698889126255075,0.2691487809813324,2.642857142857143,954
JOKESOL,$SHIBALIGHT,2023-07-10,addr518,0.0032,261802.0,42914.0,76869689.0,182754456.0,-9.83,0.0188,0.0008,11858,18561,46769.0,-64.04494382022472,True,22.078090740428404,0.1786426383297301,22.5,852
PEPEMOON,$SHIBALIGHT,2023-01-18,addr467,0.0044,271038.0,40666.0,92527978.0,233125513.0,-4.42,0.0198,0.0042,3780,24596,97893.0,41.93548387096775,True,71.7031746031746,0.36117813738295,3.7142857142857153,1025
JOKESOL,$DOGESUN,2022-08-15,addr777,0.0066,245979.0,31075.0,78285354.0,191255682.0,19.17,0.0089,0.0013,10587,26146,58444.0,-8.333333333333325,True,23.234060640408046,0.23759751848735056,5.846153846153847,1181
DOGESUN,$PUGINU,2022-06-25,addr797,0.0092,373593.0,35542.0,139123812.0,266611548.0,12.04,0.0116,0.0044,6003,44552,13318.0,39.393939393939405,True,62.234382808595704,0.03564841953676862,1.636363636363636,1232
WOOFSOL,$LOL,2022-12-15,addr949,0.0087,326094.0,37571.0,192570177.0,196995521.0,3.51,0.0099,0.0069,10211,16803,62825.0,-5.434782608695654,True,31.93555969052982,0.1926591718952204,0.43478260869565233,1059
LOLTOKEN,$JOKESOL,2022-12-15,addr92,0.0017,63621.0,9298.0,81011408.0,126881956.0,-0.63,0.0086,0.0015,5455,31029,55203.0,-80.45977011494253,True,11.662878093492209,0.8676851982835856,4.733333333333333,1059
DOGESUN,$MEOW,2023-05-20,addr416,0.01,54741.0,26970.0,89251457.0,262411214.0,15.17,0.0168,0.0024,3272,16657,87623.0,1.0101010101009944,True,16.730134474327627,1.6006832173325296,6.0,903
LOLTOKEN,$SHIBALIGHT,2021-04-05,addr631,0.0084,399731.0,12205.0,163401950.0,257237702.0,-0.95,0.0098,0.0013,8969,27792,53295.0,-16.000000000000004,True,44.56806778905118,0.13332716251679255,6.538461538461539,1678
GIGGLETOKEN,$MOONWAG,2023-05-20,addr392,0.0052,259742.0,5934.0,111848679.0,167224549.0,-2.93,0.0078,0.0026,11262,20283,71398.0,-38.095238095238095,True,23.063576629373113,0.2748804583009294,2.0,903
MEMEFLARE,$WOOFSOL,2022-06-25,addr417,0.0072,139308.0,24945.0,62645594.0,272910595.0,-9.95,0.0193,0.0035,14795,28773,46049.0,-25.0,True,9.41588374450828,0.3305553162776007,4.514285714285714,1232
GIGGLETOKEN,$SHIBALIGHT,2022-04-22,addr947,0.0071,272811.0,31343.0,154875815.0,282277882.0,18.68,0.0118,0.0063,11569,45380,28624.0,-1.388888888888884,True,23.581208401763334,0.1049224554728365,0.8730158730158729,1296
SHIBALIGHT,$CHEEMS,2022-04-22,addr766,0.0048,235289.0,23387.0,199884345.0,273706020.0,-5.26,0.0169,0.0046,13537,19690,43761.0,14.28571428571428,True,17.381177513481568,0.1859882952454216,2.6739130434782608,1296
PUGINU,$CHEEMS,2023-02-12,addr913,0.0086,241592.0,39644.0,78535285.0,215605542.0,1.23,0.0138,0.0077,4023,22744,37431.0,79.16666666666667,True,60.05269699229431,0.15493476605185602,0.7922077922077921,1000
INUSPARK,$SHIBALIGHT,2021-04-05,addr427,0.009,239979.0,42577.0,140676068.0,246021444.0,2.14,0.0103,0.004,4970,42496,36534.0,4.6511627906976605,True,48.28551307847083,0.15223832085307465,1.575,1678
MOONPUG,$GIGGLE,2023-06-15,addr437,0.0056,455190.0,6007.0,185533366.0,292010713.0,17.45,0.0108,0.0024,4024,31235,44633.0,-37.77777777777778,True,113.11878727634195,0.09805356005184648,3.500000000000001,877
INUSPARK,$MEOW,2021-04-05,addr226,0.0042,169465.0,45062.0,71769028.0,93447690.0,-2.84,0.0186,0.0029,12790,22572,79562.0,-25.0,True,13.249804534792807,0.4694892750715487,5.413793103448276,1678
MEOWINU,$PUGINU,2023-08-20,addr697,0.0083,307673.0,24295.0,122835862.0,166405080.0,-6.3,0.0114,0.0046,10518,46735,68452.0,97.61904761904762,True,29.252044114850733,0.22248296080579055,1.4782608695652175,811
MEMEFLARE,$CHEEMS,2022-11-20,addr273,0.004,390315.0,5743.0,105760804.0,149515871.0,-9.66,0.009,0.0008,12959,24924,41534.0,-51.80722891566265,True,30.119222162203872,0.1064114881570014,10.249999999999998,1084
DOGESUN,$WOOFSOL,2022-12-25,addr193,0.0091,132060.0,22124.0,84417414.0,130557897.0,-3.53,0.0139,0.0047,9281,30080,93831.0,127.49999999999999,True,14.229070143303524,0.7105179463880055,1.9574468085106382,1049
FLOKISOL,$PEPE,2022-04-22,addr399,0.0066,220424.0,10841.0,99271399.0,137288527.0,8.1,0.0175,0.004,3979,42918,72088.0,-27.472527472527474,True,55.396833375219906,0.3270424273218887,3.3750000000000004,1296
SHIBALIGHT,$MEMEFLARE,2023-04-10,addr263,0.0021,335240.0,19227.0,76964666.0,261298212.0,-3.21,0.0102,0.0005,10269,21094,60045.0,-68.18181818181819,True,32.64582724705424,0.17911048800859086,19.4,943
WOOFSOL,$MOONPUG,2022-08-15,addr958,0.0081,72982.0,40964.0,78660524.0,164163472.0,-5.19,0.0133,0.0008,14624,10952,30814.0,285.7142857142857,True,4.990563457330416,0.42221369652791096,15.624999999999998,1181
WOOFSOL,$SHIBA,2023-04-10,addr885,0.0043,375689.0,35775.0,90721997.0,279041891.0,18.17,0.0098,0.0017,11170,35273,94492.0,-46.913580246913575,True,33.63375111906893,0.25151654693110526,4.764705882352941,943
WOOFSOL,$MOONWAG,2023-03-30,addr159,0.0038,290498.0,43024.0,138550419.0,204113601.0,-6.66,0.009,0.0028,9262,30079,55307.0,-11.627906976744185,True,31.36450010796804,0.19038685292153473,2.214285714285714,954
INUSPARK,$DOGESUN,2023-03-14,addr603,0.0093,149422.0,15166.0,160838001.0,196873931.0,-5.29,0.0168,0.0069,8784,7906,81903.0,144.73684210526315,True,17.010701275045538,0.5481321358300651,1.434782608695652,970
SHIBASOL,$MOONWAG,2023-07-10,addr529,0.0045,489065.0,49253.0,74356704.0,209024676.0,-9.72,0.0084,0.0009,11507,6632,27620.0,-51.61290322580645,True,42.50152081341792,0.05647511067036079,8.333333333333334,852
MOONWAG,$CHEEMS,2023-07-10,addr233,0.0098,228500.0,37637.0,61376406.0,136431116.0,2.59,0.0189,0.0052,10647,6364,40130.0,117.7777777777778,True,21.461444538367616,0.17562363238512035,2.634615384615385,852
INUSPARK,$MEMEFLARE,2023-08-01,addr917,0.0016,457493.0,46017.0,82137761.0,177821771.0,5.42,0.012,0.0015,10921,33811,49226.0,-83.6734693877551,True,41.89112718615512,0.10759946053819403,7.0,830
LOLTOKEN,$JOKESOL,2022-06-25,addr792,0.0052,376048.0,45205.0,138211125.0,151397929.0,12.06,0.0111,0.0025,10088,21697,52636.0,224.99999999999994,True,37.276764472640764,0.1399714930008935,3.44,1232
FLOKISOL,$PEPEMOON,2021-04-05,addr213,0.0089,326587.0,47031.0,117879048.0,163540171.0,-8.45,0.018,0.0046,3222,27641,12807.0,71.15384615384616,True,101.36157666045935,0.03921466561743119,2.913043478260869,1678
INUSPARK,$MEOW,2023-08-20,addr132,0.0063,310041.0,18933.0,90109974.0,269919959.0,-7.53,0.0138,0.0019,6727,21428,99825.0,-29.21348314606741,True,46.08904415043853,0.3219735454343135,6.263157894736842,811
SHIBALIGHT,$MOONWAG,2022-08-15,addr253,0.0068,388080.0,44792.0,166333440.0,257411260.0,6.38,0.0173,0.0016,6512,15119,74027.0,7.9365079365079305,True,59.5945945945946,0.1907519068233354,9.812499999999998,1181
WOOFSOL,$SOLDOG,2022-09-10,addr920,0.0074,282618.0,16958.0,122754964.0,245536555.0,-9.93,0.0198,0.0009,6763,10929,16366.0,8.823529411764719,True,41.78885110158214,0.05790855501065042,21.0,1155
FLOKISOL,$CHAD,2021-04-05,addr750,0.0097,100826.0,47459.0,127648177.0,195228040.0,14.53,0.0108,0.009,5853,36056,98425.0,-1.0204081632652962,True,17.226379634375533,0.976186697875548,0.20000000000000015,1678
SOLDOG,$WOOFSOL,2023-01-18,addr322,0.0097,80644.0,34450.0,89435510.0,160903988.0,-1.42,0.0145,0.003,12356,45505,73269.0,0.0,True,6.526707672385886,0.9085486831010366,3.833333333333333,1025
PEPESOL,$MOONPUG,2023-01-18,addr666,0.0072,147269.0,38722.0,138435740.0,265436129.0,4.62,0.0185,0.0035,14431,20085,89954.0,-25.773195876288668,True,10.2050446954473,0.6108142243106153,4.285714285714286,1025
PEPEMOON,$CHEEMS,2023-07-10,addr252,0.0056,108796.0,19054.0,193429138.0,201862764.0,12.86,0.0083,0.0035,6071,18202,90553.0,-22.22222222222222,True,17.920606160434854,0.8323192029118718,1.3714285714285714,852
LOLTOKEN,$MEOW,2022-08-15,addr934,0.0084,273823.0,33735.0,164953648.0,281686342.0,4.24,0.0109,0.0056,5119,36806,31614.0,64.70588235294115,True,53.49150224653253,0.1154541437351866,0.9464285714285714,1181
LOLTOKEN,$SWOLEDOGE,2022-11-20,addr810,0.0058,183678.0,11863.0,104539631.0,108462755.0,15.8,0.0184,0.0033,4588,43609,34327.0,-4.918032786885263,True,40.03443766346992,0.18688683456919175,4.575757575757575,1084
MOONPUG,$WOOFSOL,2023-03-30,addr844,0.0065,277143.0,24484.0,158669478.0,295033363.0,1.48,0.0179,0.0015,9597,49345,43708.0,12.068965517241391,True,28.878086902156923,0.15770919705711492,10.933333333333332,954
PUGINU,$PEPEMOON,2023-09-05,addr499,0.0059,365196.0,28573.0,60265576.0,203704865.0,-8.5,0.0097,0.0038,3537,32076,41667.0,-9.230769230769232,True,103.25021204410517,0.11409489698682351,1.5526315789473686,795
PUGINU,$MEMEFLARE,2022-04-22,addr228,0.0076,60749.0,21098.0,57245297.0,295916658.0,15.1,0.0139,0.0052,8790,16915,94601.0,28.81355932203391,True,6.911149032992037,1.557243740637706,1.6730769230769231,1296
SHIBASOL,$PEPEMOON,2023-03-30,addr353,0.004,434880.0,31981.0,56257953.0,167363580.0,4.41,0.0107,0.002,11263,28952,36916.0,-47.36842105263158,True,38.61138240255705,0.0848877851361295,4.35,954
LOLTOKEN,$JOKESOL,2022-12-25,addr215,0.0048,274307.0,41064.0,143422570.0,252239247.0,7.68,0.0164,0.0027,8244,44575,33880.0,19.999999999999996,True,33.273532265890346,0.12351124834583149,5.0740740740740735,1049
WOOFSOL,$CHEEMS,2023-08-20,addr857,0.0073,296520.0,22389.0,55145630.0,209051868.0,17.79,0.0075,0.0026,8183,30579,56951.0,62.22222222222224,True,36.23609923011121,0.19206461621475784,1.8846153846153846,811
PEPESOL,$MEMEFLARE,2023-03-30,addr948,0.0049,159909.0,49968.0,163838118.0,188569291.0,9.1,0.0169,0.0038,6219,25056,62530.0,-40.243902439024396,True,25.712976362759285,0.3910349011000006,3.4473684210526314,954
SOLDOG,$JOKESOL,2023-06-15,addr256,0.0044,326327.0,21179.0,182445673.0,211307919.0,13.16,0.0048,0.001,3891,18233,76184.0,-10.20408163265305,True,83.86712927268054,0.2334590763252811,3.7999999999999994,877
SHIBASOL,$PEPE,2022-12-25,addr719,0.0058,405109.0,45371.0,167871966.0,288532416.0,-0.77,0.0115,0.0035,5249,49488,15835.0,11.538461538461542,True,77.17831967993904,0.039088245385809746,2.2857142857142856,1049
FLOKISOL,$FLOKI,2023-03-30,addr528,0.0073,465133.0,19096.0,133210885.0,257400412.0,-9.03,0.0097,0.0029,11931,17637,73115.0,19.672131147540984,True,38.985248512278936,0.15719159896201731,2.344827586206897,954
